CustomerID,Churn,Tenure,PreferredLoginDevice,CityTier,WarehouseToHome,PreferredPaymentMode,Gender,HourSpendOnApp,NumberOfDeviceRegistered,PreferedOrderCat,SatisfactionScore,MaritalStatus,NumberOfAddress,Complain,OrderAmountHikeFromlastYear,CouponUsed,OrderCount,DaySinceLastOrder,CashbackAmount
CUST000001,0,62,Phone,1,250.0,UPI,Male,6.1148392559464995,3,Grocery,3,Single,1,0,30.11892854792069,1,45.0,29,900.0
CUST000002,1,16,Phone,3,300.0,COD,Male,2.881900964458375,1,Fashion,5,Divorced,4,0,22.512709175514615,8,50.0,10,850.0
CUST000003,1,72,Phone,3,280.0,UPI,Female,0.5010101975336398,4,Grocery,5,Single,1,0,-13.799516225434914,1,38.0,1,950.0
CUST000004,0,32,Phone,1,220.0,COD,Male,4.333468544279223,3,Electronics,2,Divorced,5,1,27.38105930793035,4,42.0,10,880.0
CUST000005,0,28,Phone,3,350.0,UPI,Female,0.8513893139570234,3,Mobile,5,Married,1,0,-15.513370227467718,7,10.0,21,1000.0
CUST000006,0,12,Computer,3,290.0,Credit Card,Female,2.571271683656746,4,Fashion,5,Divorced,4,0,21.729985468492785,2,48.0,9,920.0
CUST000007,0,45,Phone,1,260.0,COD,Male,5.8023236559178715,1,Fashion,5,Married,3,0,31.77068240552199,5,35.0,28,860.0
CUST000008,1,34,Computer,3,240.0,UPI,Male,0.970172162163994,3,Fashion,3,Married,2,0,-5.232107656603471,3,40.0,15,890.0
CUST000009,0,5,Phone,2,18.0,COD,Female,6.795038692670017,1,Grocery,5,Married,1,0,38.913540527994186,6,11.0,15,76.1141069584334
CUST000010,1,68,Phone,2,69.0,Credit Card,Male,0.5286494199393733,3,Electronics,5,Single,2,0,-17.8752336126897,9,4.0,3,333.3544276982284
CUST000011,0,46,Tablet,1,84.0,Credit Card,Female,2.3511790190142667,2,Fashion,5,Divorced,5,0,39.06690045608143,2,10.0,25,142.14414454772967
CUST000012,1,24,Phone,1,58.0,COD,Male,6.056780421140536,3,Fashion,1,Married,3,0,12.223033544993555,5,14.0,5,292.8891354655238
CUST000013,1,65,Phone,3,56.0,UPI,Female,2.872026122969801,4,Mobile,3,Married,3,0,-4.768844204784886,9,7.0,9,293.38395392229563
CUST000014,0,9,Tablet,3,7.0,Debit Card,Female,1.2641929104951015,4,Mobile,2,Single,1,0,-10.63552985042224,8,8.0,26,222.86491045143458
CUST000015,0,55,Phone,2,45.0,COD,Female,3.201754391003209,1,Electronics,1,Divorced,3,0,46.731501730766084,9,1.0,22,418.0593077725213
CUST000016,0,29,Phone,2,10.0,UPI,Female,2.5279496478839416,3,Electronics,4,Divorced,1,0,-14.913408869319031,0,4.0,9,132.4835307777215
CUST000017,0,4,Phone,2,29.0,COD,Male,6.8203392662041615,1,Others,3,Single,1,0,-6.063460604485204,2,12.0,23,224.3162958088671
CUST000018,0,32,Phone,2,17.0,COD,Male,2.8501093818885734,1,Mobile,3,Single,2,0,4.347564320313218,1,3.0,7,268.84606429548575
CUST000019,0,64,Phone,2,12.0,COD,Female,6.416993538320054,2,Others,4,Divorced,3,0,23.416439427278434,7,13.0,24,331.81236038364983
CUST000020,0,17,Phone,1,25.0,UPI,Female,7.18904108608051,2,Grocery,4,Single,1,0,18.13607596932689,6,6.0,23,391.98592525279474
CUST000021,0,48,Phone,3,51.5,Debit Card,Male,3.7536306468239715,4,Others,4,Divorced,2,0,-11.20495553113802,1,11.0,12,197.40364143912802
CUST000022,0,10,Phone,2,29.0,COD,Male,4.3019032847137595,1,Fashion,2,Divorced,4,0,0.2809588616750247,5,4.0,25,323.023472048298
CUST000023,0,25,Tablet,3,83.0,COD,Male,3.3298854047239463,4,Others,5,Married,2,0,-3.2873760239783145,2,16.0,27,75.30547653425957
CUST000024,0,62,Computer,1,72.0,Wallet,Male,7.730588123675811,3,Electronics,3,Married,2,0,-5.052000185676103,7,7.0,9,466.3240502712393
CUST000025,0,58,Phone,1,51.5,COD,Male,1.1696714339417968,1,Grocery,5,Divorced,1,0,8.780103553599094,9,11.0,6,246.50720972273538
CUST000026,1,26,Phone,1,64.0,COD,Male,5.652644498774321,1,Fashion,5,Divorced,5,0,29.282201681415984,2,1.0,23,364.7607109882192
CUST000027,0,48,Phone,2,16.0,UPI,Female,4.3019032847137595,3,Others,4,Divorced,5,0,-4.7782947447934845,9,7.0,2,10.170540941088824
CUST000028,0,32,Phone,3,36.0,UPI,Male,3.4073660409173527,3,Grocery,2,Divorced,5,0,5.6675215792086995,8,12.0,9,102.5935714524035
CUST000029,0,0,Computer,1,96.0,COD,Male,5.2453390906145065,4,Grocery,1,Divorced,2,0,7.364219878881357,0,7.0,28,243.541272161789
CUST000030,0,20,Phone,3,17.0,Debit Card,Female,5.778928187257484,4,Fashion,2,Divorced,1,0,48.35195706047871,4,7.0,29,439.12623386617327
CUST000031,0,54,Computer,2,35.0,COD,Male,0.5327245223773182,3,Others,5,Single,3,0,46.82664498153483,2,10.0,17,263.6275749753386
CUST000032,0,5,Phone,3,82.0,Credit Card,Male,1.7521481656039903,4,Grocery,2,Divorced,2,0,36.00963079264531,5,16.0,1,246.50720972273538
CUST000033,0,68,Computer,1,24.0,COD,Male,5.84784537975739,3,Grocery,4,Single,2,0,-3.08387554265704,9,8.0,19,241.89844829139818
CUST000034,1,4,Tablet,3,22.0,Wallet,Male,5.4978906018365485,1,Mobile,1,Single,1,0,-15.237388013583121,1,9.0,28,245.22454836797496
CUST000035,1,2,Phone,3,97.0,COD,Male,7.745356288465079,1,Grocery,4,Divorced,4,0,2.183289640443732,8,9.0,6,59.873394250265946
CUST000036,1,52,Tablet,1,64.0,COD,Female,6.207783426880873,2,Mobile,1,Divorced,2,0,-1.3243815396318404,5,10.0,5,401.3281220761099
CUST000037,0,22,Phone,1,67.0,COD,Male,7.630795307985036,1,Others,5,Single,4,0,15.414806010247574,6,13.0,2,123.48270623353125
CUST000038,0,52,Phone,3,10.0,Wallet,Female,5.769053761511052,3,Others,1,Single,4,1,34.44095370474552,4,13.0,9,449.8062446861575
CUST000039,0,36,Phone,3,36.0,Wallet,Female,2.735391564795824,4,Others,1,Divorced,5,0,40.08260572152006,8,4.0,29,455.41211016519804
CUST000040,0,16,Computer,1,97.0,Wallet,Male,1.2902369168814236,2,Electronics,1,Divorced,1,1,39.1404859787356,0,12.0,26,471.65505593707485
CUST000041,0,72,Phone,2,47.0,COD,Female,6.363678975087017,4,Others,2,Single,4,0,5.177289285614744,4,17.0,14,260.115244551545
CUST000042,0,0,Phone,3,6.0,COD,Male,5.33111916106937,3,Grocery,2,Single,1,0,28.106404042247803,9,2.0,4,338.54689239182215
CUST000043,0,50,Phone,3,64.0,COD,Female,0.8613950929497217,1,Fashion,5,Single,5,0,1.8983938266954041,5,13.0,4,389.2579400308318
CUST000044,1,44,Phone,3,27.0,UPI,Female,3.2003784942573374,2,Mobile,1,Married,1,0,-15.73661197353721,6,18.0,21,65.5073093252328
CUST000045,0,3,Phone,3,87.0,UPI,Male,4.3019032847137595,3,Electronics,3,Single,2,0,29.10956859220596,3,15.0,15,300.4785974987486
CUST000046,0,61,Tablet,2,35.0,COD,Male,4.253008592826509,2,Others,5,Married,4,0,-19.31207132011485,0,8.0,8,17.148950651655838
CUST000047,0,64,Phone,1,51.5,Wallet,Male,3.7454685201477846,2,Others,1,Divorced,1,0,8.642781122094199,7,15.0,26,248.78304169436294
CUST000048,0,31,Phone,1,87.0,COD,Male,3.9327470386947048,1,Fashion,1,Divorced,3,0,3.056548851145301,9,1.0,4,246.50720972273538
CUST000049,0,33,Phone,2,51.5,COD,Male,2.0666204300387276,3,Fashion,2,Single,1,0,28.53642769631967,3,10.0,16,91.46146298104235
CUST000050,0,71,Tablet,2,14.0,COD,Female,3.2653037814859642,4,Electronics,5,Divorced,4,0,33.637183093226525,2,12.0,21,182.52378334630077
CUST000051,1,38,Phone,1,93.0,COD,Female,3.2735994199038245,2,Mobile,1,Divorced,5,0,1.2866245179898677,6,5.0,28,216.2185833582515
CUST000052,1,25,Tablet,3,6.0,Credit Card,Female,0.892662651406043,2,Others,1,Divorced,5,1,36.813891011139745,1,9.0,4,311.58621226609364
CUST000053,1,33,Phone,2,15.0,UPI,Female,6.256757213884387,4,Electronics,5,Divorced,4,0,0.5741732353453628,7,8.0,16,37.21420921925783
CUST000054,1,53,Computer,2,51.5,Wallet,Female,3.6237832392790925,3,Grocery,3,Married,2,0,11.242845199059285,5,16.0,22,251.8458806187223
CUST000055,0,2,Phone,2,35.0,Debit Card,Female,6.666349151123175,2,Grocery,5,Married,2,0,30.891296890989373,6,10.0,12,91.31256512655057
CUST000056,1,49,Computer,2,60.0,Wallet,Female,6.877610008399215,2,Electronics,5,Single,5,0,28.504416045735198,4,13.0,16,286.9875875158709
CUST000057,0,11,Phone,1,83.0,Debit Card,Male,2.0899554102399356,2,Others,3,Single,5,0,49.115793061854006,8,13.0,19,318.70230613059175
CUST000058,0,64,Tablet,1,77.0,Credit Card,Male,5.430151116275964,3,Electronics,5,Single,4,0,-4.23872830488477,4,5.0,8,278.3546282764269
CUST000059,0,53,Computer,1,91.0,COD,Female,4.042113531222363,3,Others,1,Divorced,2,0,26.362253947770768,4,10.0,6,369.1477552391538
CUST000060,0,4,Phone,1,87.0,Credit Card,Female,7.101175534411138,4,Fashion,5,Divorced,5,0,22.677733579304416,2,11.0,10,167.80462212045066
CUST000061,0,56,Phone,2,13.0,Credit Card,Male,2.118055093823406,3,Electronics,3,Married,2,0,44.05689181430209,0,5.0,5,382.5532958165654
CUST000062,0,16,Phone,2,51.5,COD,Male,5.5835990023253315,3,Others,4,Married,5,1,-9.054650084858746,1,13.0,29,216.38354085409682
CUST000063,1,46,Computer,1,77.0,UPI,Male,5.058140916895419,1,Electronics,5,Single,1,0,32.62587145108531,7,11.0,18,242.0922491612984
CUST000064,0,22,Tablet,3,32.0,Debit Card,Male,2.7147610817887458,4,Electronics,2,Married,3,0,19.778803138813785,0,19.0,10,324.0510636305357
CUST000065,0,13,Computer,1,66.0,COD,Female,1.5245067773837946,2,Others,1,Married,1,0,-0.7733891148466228,6,3.0,10,9.17919199961198
CUST000066,0,65,Tablet,3,11.0,Debit Card,Male,5.387298203579574,3,Others,1,Married,5,0,13.210443990302188,4,15.0,7,326.99711071012416
CUST000067,0,50,Tablet,3,84.0,Wallet,Female,6.03948093599248,2,Mobile,2,Married,3,0,3.364361794885845,2,7.0,18,309.29257453605766
CUST000068,1,37,Phone,1,20.0,Debit Card,Female,4.3019032847137595,2,Electronics,2,Married,3,0,20.551938195192264,6,7.0,1,154.92355837663996
CUST000069,0,63,Computer,2,51.5,Wallet,Female,5.336244530167353,1,Grocery,5,Single,5,0,42.23004275702661,8,6.0,7,42.89714244974474
CUST000070,1,37,Computer,1,8.0,UPI,Male,3.4634818070862745,3,Electronics,2,Single,5,0,19.851348908854142,1,3.0,21,45.46772495652057
CUST000071,1,49,Tablet,2,44.0,Wallet,Male,5.849051624619633,4,Electronics,4,Married,2,0,24.220569282860886,7,10.0,1,246.50720972273538
CUST000072,0,29,Computer,2,21.0,Debit Card,Female,1.9941145617053984,3,Others,3,Single,5,0,16.31234929802966,8,7.0,15,344.6396606129186
CUST000073,0,50,Phone,1,56.0,Debit Card,Female,7.176612519771307,2,Electronics,2,Divorced,4,0,-16.418414548816685,2,5.0,4,63.551306885370195
CUST000074,1,62,Phone,2,97.0,Wallet,Female,2.655571973491848,4,Electronics,2,Married,5,0,-3.699901018673401,1,18.0,28,178.36158465445317
CUST000075,1,51,Computer,1,56.0,Credit Card,Male,3.2583949081711467,3,Grocery,4,Divorced,4,0,14.440121060245794,6,8.0,29,296.2414969507982
CUST000076,1,37,Computer,1,40.0,UPI,Female,0.9356896406026234,2,Others,1,Single,5,0,1.7164698621293333,4,17.0,20,417.78585254532436
CUST000077,1,29,Tablet,2,51.5,COD,Male,1.336341592409573,2,Electronics,1,Single,2,0,-7.276548156716405,4,1.0,10,21.830464356504265
CUST000078,0,50,Phone,1,54.0,COD,Female,4.368964270342461,1,Fashion,5,Divorced,4,0,15.289298934290684,9,14.0,23,118.31656573500443
CUST000079,0,4,Phone,2,67.0,Debit Card,Female,2.506945075459786,1,Mobile,4,Single,1,0,2.5966855413495225,4,17.0,9,444.87449514769
CUST000080,0,28,Phone,2,67.0,COD,Female,6.7661016930664575,1,Grocery,3,Married,4,0,-1.9324649778609704,3,10.0,2,4.582775091908243
CUST000081,1,3,Tablet,3,66.0,COD,Male,0.6102004149121538,2,Electronics,3,Divorced,2,0,12.478979220826659,4,12.0,28,100.6995513969437
CUST000082,0,9,Phone,1,11.0,COD,Male,3.3432053650395215,3,Fashion,4,Married,4,0,-10.67010193424788,3,16.0,14,479.512087986483
CUST000083,0,55,Phone,2,31.0,COD,Female,4.3019032847137595,1,Electronics,3,Divorced,5,0,44.94220131527851,5,14.0,16,306.70092326108556
CUST000084,0,16,Tablet,2,96.0,Wallet,Male,0.6449572318820078,3,Electronics,1,Single,5,0,40.73914685434673,3,16.0,1,130.83568331875324
CUST000085,0,16,Computer,2,90.0,Credit Card,Female,1.4327629925038265,1,Others,3,Divorced,2,0,29.533441001837474,1,8.0,2,33.495547197923806
CUST000086,0,68,Tablet,3,18.0,Debit Card,Male,3.6023200618897646,4,Others,3,Divorced,3,0,-12.565032068808065,8,10.0,7,14.095670223611078
CUST000087,1,33,Computer,2,75.0,COD,Male,4.19648438335585,4,Others,4,Married,5,0,34.311407812878514,1,17.0,29,122.37253981846364
CUST000088,0,5,Computer,2,90.0,COD,Male,3.5321731044115183,1,Fashion,4,Single,1,0,36.55701296763133,8,18.0,10,440.7429097944552
CUST000089,1,52,Tablet,3,9.0,Debit Card,Female,4.4820325880907035,2,Electronics,3,Married,2,0,33.74352324000364,9,16.0,22,207.95682714875474
CUST000090,0,65,Computer,3,59.0,Credit Card,Male,4.963487561792611,1,Mobile,2,Single,4,0,-12.022387901653119,5,17.0,20,360.1666845829965
CUST000091,0,42,Phone,3,6.0,Wallet,Male,0.5744286584587672,1,Grocery,4,Married,4,0,25.073556994743527,8,16.0,1,459.1425176899789
CUST000092,1,22,Phone,2,66.0,Debit Card,Female,3.980713695901279,2,Others,5,Divorced,1,0,38.402735702457896,8,19.0,13,204.0202308014083
CUST000093,1,54,Computer,2,95.0,COD,Female,7.726244306656913,4,Others,5,Married,5,0,20.41473808537674,2,8.0,1,95.63868551869852
CUST000094,0,15,Phone,1,25.0,Credit Card,Female,4.392742100971615,3,Electronics,1,Single,2,1,25.24851626596623,0,6.0,5,258.5589654284597
CUST000095,1,7,Computer,1,83.0,COD,Female,5.581567005942149,1,Electronics,3,Single,1,0,12.08544355984143,0,6.0,16,454.04184352992723
CUST000096,0,3,Phone,2,25.0,Credit Card,Male,2.838978934376624,2,Fashion,2,Divorced,5,0,17.009512391883682,2,9.0,15,402.1872070688503
CUST000097,0,3,Phone,1,14.0,Credit Card,Male,6.304935336145719,1,Fashion,1,Single,2,0,-17.593619915379236,4,4.0,17,32.91492168157689
CUST000098,0,55,Phone,2,91.0,UPI,Male,6.296911114070864,2,Others,3,Married,4,0,24.72741153812992,2,10.0,28,346.28640003879093
CUST000099,0,24,Phone,1,62.0,Credit Card,Male,4.409720357406043,3,Electronics,4,Divorced,2,0,-14.298695097618857,8,12.0,23,285.9487612294769
CUST000100,0,66,Phone,1,43.0,Credit Card,Male,7.820103674594102,3,Mobile,5,Single,3,0,10.451021603815636,8,17.0,16,453.73158817321274
CUST000101,0,66,Phone,3,9.0,Debit Card,Female,1.4416266107199003,4,Grocery,2,Single,2,0,0.48585683671854696,2,15.0,13,61.24070842514862
CUST000102,0,26,Phone,3,69.0,COD,Male,0.6271074866718575,2,Electronics,5,Married,3,0,18.179956514819914,2,9.0,11,267.01805660232833
CUST000103,0,31,Tablet,1,17.0,Debit Card,Male,6.27618658817822,2,Electronics,4,Married,2,0,-10.660856513375505,4,7.0,17,439.73134675594616
CUST000104,0,49,Phone,2,89.0,Debit Card,Male,6.553666530236619,4,Fashion,3,Divorced,3,0,28.415038138132275,1,10.0,17,205.0118933708715
CUST000105,1,60,Phone,3,94.0,COD,Female,4.3019032847137595,4,Grocery,4,Single,4,0,35.650807584992926,5,16.0,2,240.99745886643353
CUST000106,0,50,Phone,1,89.0,Debit Card,Female,2.4918712471895454,2,Others,4,Married,5,0,-8.565188517979045,6,12.0,13,35.230338833479145
CUST000107,0,18,Phone,3,57.0,UPI,Male,0.6316427252497168,4,Electronics,5,Divorced,3,0,-12.698083885368249,8,7.0,14,139.07182022445542
CUST000108,1,20,Computer,2,86.0,UPI,Female,2.6998145808542353,3,Others,2,Single,3,0,-9.81391620488486,5,18.0,11,162.25332458447366
CUST000109,0,4,Tablet,1,49.0,COD,Female,6.298564054390036,1,Electronics,4,Single,4,1,41.39892933289512,2,15.0,28,472.56122437244346
CUST000110,0,41,Phone,3,36.0,Wallet,Female,4.3847039578443425,3,Others,5,Divorced,3,0,16.973248322944933,4,6.0,10,141.33368027057952
CUST000111,0,60,Phone,1,40.0,COD,Female,3.1107169487621604,4,Grocery,2,Divorced,1,0,12.70826972052518,3,12.0,3,230.434367634826
CUST000112,0,21,Computer,2,85.0,COD,Female,3.288044711797477,2,Fashion,3,Married,4,0,-12.5301726628352,4,10.0,29,335.6522117821399
CUST000113,1,20,Computer,3,64.0,Debit Card,Female,0.5101521928660111,2,Grocery,3,Single,1,0,25.468920472987328,7,3.0,27,81.09168620393869
CUST000114,1,69,Computer,1,15.0,Debit Card,Female,2.748503956739269,3,Mobile,1,Single,4,0,40.75997143265629,7,2.0,17,243.22119357093723
CUST000115,0,0,Phone,2,51.5,Wallet,Male,4.3019032847137595,2,Fashion,5,Single,3,0,37.97301085264171,5,6.0,15,369.2695197379538
CUST000116,1,4,Phone,3,25.0,Debit Card,Male,7.8064583286226785,4,Grocery,2,Divorced,1,0,23.823829628656092,0,5.0,9,433.427606513533
CUST000117,1,11,Tablet,1,56.0,COD,Female,6.8529562023792465,3,Mobile,4,Married,3,0,-14.730489834382846,7,18.0,10,313.12963733121336
CUST000118,0,45,Tablet,3,51.5,Credit Card,Male,0.6769622348414684,2,Electronics,3,Single,4,0,-12.132208097679094,7,16.0,8,334.52675765847397
CUST000119,1,33,Computer,2,51.5,UPI,Male,7.239204535061295,1,Electronics,2,Divorced,3,0,-16.54837090231227,1,8.0,21,63.14173629228448
CUST000120,0,48,Phone,2,72.0,Credit Card,Female,6.3739880997396945,1,Others,5,Single,1,0,-1.976454845527151,3,11.0,13,472.8882486231736
CUST000121,1,44,Phone,2,38.0,Credit Card,Male,6.352820926782353,4,Fashion,1,Married,1,0,-10.503697298773558,1,10.0,27,66.28703874224118
CUST000122,1,26,Phone,1,56.0,COD,Female,3.934968192526786,2,Electronics,3,Single,3,0,-1.7966371823296292,3,12.0,18,387.33646859089913
CUST000123,0,72,Tablet,3,86.0,Credit Card,Female,3.485039697158771,4,Fashion,2,Married,2,0,6.954063900327316,9,6.0,5,132.4081608891594
CUST000124,0,25,Computer,3,97.0,Wallet,Female,2.7718679662489447,3,Electronics,2,Married,4,0,46.008794884979494,6,5.0,6,466.7965718506258
CUST000125,0,46,Phone,2,56.0,COD,Male,4.3019032847137595,1,Others,2,Single,4,0,22.726324184718443,8,9.0,17,359.9797696847398
CUST000126,0,55,Tablet,3,33.0,Debit Card,Male,2.2117652262027434,3,Grocery,5,Single,3,0,38.44816499780736,7,16.0,11,376.90685648918446
CUST000127,1,62,Computer,2,42.0,COD,Male,2.349527262335185,2,Others,5,Married,2,0,29.724605049863257,8,14.0,20,109.52958652994165
CUST000128,1,47,Computer,2,46.0,UPI,Male,4.130578022826512,4,Mobile,5,Divorced,1,0,-12.124780863135777,7,8.0,16,221.5199883175804
CUST000129,0,60,Phone,2,25.0,Debit Card,Female,6.105833049475205,4,Electronics,4,Married,5,0,31.514428446176417,1,19.0,9,308.9065972946432
CUST000130,0,25,Phone,2,51.5,Credit Card,Female,4.0535737129845995,4,Mobile,2,Single,5,0,-0.7430782908612912,6,14.0,2,384.98680910330046
CUST000131,0,35,Phone,2,17.0,UPI,Male,0.9338333708537045,3,Mobile,3,Single,3,0,24.73754928962944,1,7.0,5,51.97968795619479
CUST000132,0,0,Phone,3,51.5,Debit Card,Female,7.683423507411529,1,Fashion,5,Divorced,2,0,3.8673381550091968,1,5.0,1,481.1826582272642
CUST000133,0,7,Phone,2,21.0,Wallet,Female,7.5704323932058415,3,Electronics,5,Married,2,0,49.83705842852615,3,18.0,4,445.110335277278
CUST000134,0,51,Computer,1,13.0,Wallet,Male,6.388921573613063,3,Mobile,2,Married,4,0,-1.551396435225552,0,2.0,4,135.17429524779217
CUST000135,1,46,Phone,1,45.0,Wallet,Female,7.934959261731654,2,Grocery,5,Married,1,0,-0.46086704580112325,4,11.0,22,411.380121516166
CUST000136,0,55,Computer,2,5.0,Wallet,Male,4.583617496001972,2,Mobile,4,Single,2,0,45.147057889367886,5,8.0,26,259.1619615199117
CUST000137,0,13,Tablet,2,6.0,Credit Card,Female,7.720762626899045,2,Grocery,4,Married,5,0,-18.274891675457415,8,1.0,25,230.90324078100932
CUST000138,1,27,Phone,2,64.0,COD,Male,1.0670378046256308,1,Fashion,5,Divorced,1,0,28.768229151123784,9,12.0,3,157.2170529057027
CUST000139,0,1,Tablet,2,52.0,Debit Card,Female,3.242605611960285,1,Mobile,2,Single,1,0,30.772847351511466,7,2.0,9,290.4842933157962
CUST000140,1,25,Tablet,2,51.5,Credit Card,Female,2.190359510050744,2,Others,2,Single,3,0,38.54650041872795,1,18.0,22,364.9445588517989
CUST000141,1,13,Computer,2,14.0,Wallet,Male,1.9687481310070252,2,Fashion,2,Married,2,0,48.21075174469327,0,7.0,23,205.46645248137912
CUST000142,0,58,Tablet,1,62.0,COD,Male,1.5560221166950705,1,Grocery,1,Divorced,3,0,48.292134340965674,1,10.0,12,314.60959650414605
CUST000143,0,55,Computer,2,64.0,UPI,Male,5.168102311744975,4,Fashion,5,Single,2,0,-15.430626970347527,6,14.0,10,349.6564605776519
CUST000144,0,6,Phone,2,25.0,UPI,Male,6.359913918104788,1,Mobile,2,Single,4,0,37.52875259270318,3,7.0,2,355.5609085076429
CUST000145,0,2,Phone,3,32.0,UPI,Female,4.837237995652705,1,Electronics,4,Married,3,0,25.24169535601669,9,3.0,11,25.983049065590123
CUST000146,0,22,Computer,2,79.0,Wallet,Female,4.3019032847137595,1,Electronics,3,Married,3,1,25.313949406116386,4,6.0,10,429.8739028425335
CUST000147,0,17,Phone,1,38.0,UPI,Male,6.583428274501032,2,Grocery,3,Divorced,5,0,-11.015505136971363,6,2.0,22,229.12665738252397
CUST000148,0,37,Phone,1,12.0,COD,Female,5.269660303727964,4,Grocery,2,Married,3,0,25.513101651195733,2,17.0,6,131.20804084810723
CUST000149,0,14,Tablet,1,63.0,Debit Card,Male,3.4112427959524663,1,Electronics,3,Divorced,2,0,48.773780642087345,9,12.0,18,120.88225373984079
CUST000150,0,63,Phone,2,90.0,Debit Card,Male,5.555977216520472,2,Grocery,3,Single,5,0,43.82729986776128,1,12.0,2,241.50705642197522
CUST000151,1,27,Tablet,1,76.0,Wallet,Female,2.449287344321246,3,Fashion,1,Divorced,3,0,10.739146256339538,6,17.0,2,443.4157697344796
CUST000152,0,38,Phone,2,53.0,COD,Female,3.088941563706579,3,Others,4,Divorced,3,0,-17.203641869973396,4,10.0,10,246.50720972273538
CUST000153,0,56,Phone,2,83.0,Credit Card,Male,7.381143823489927,1,Others,4,Divorced,4,0,5.36054430001434,0,3.0,16,246.50720972273538
CUST000154,0,16,Phone,1,21.0,Credit Card,Male,2.678783792535653,3,Fashion,1,Single,3,0,37.847321812038864,0,10.0,12,48.4093654936093
CUST000155,1,43,Tablet,2,64.0,UPI,Male,4.024912011184524,4,Others,1,Married,1,0,29.10493710256162,8,13.0,1,238.02835107553088
CUST000156,0,24,Computer,1,91.0,COD,Female,7.17605853047011,3,Mobile,3,Single,5,0,12.154055891576945,4,12.0,21,495.8430701963678
CUST000157,0,16,Computer,2,92.0,Credit Card,Female,5.807910127006456,3,Fashion,5,Married,1,0,-16.142892538881824,0,17.0,8,385.21890139616846
CUST000158,1,12,Phone,1,51.5,COD,Female,4.3019032847137595,4,Grocery,3,Divorced,5,0,9.882630947631185,6,4.0,16,105.26424422030651
CUST000159,0,24,Phone,3,51.5,Debit Card,Female,1.6047728320922776,1,Fashion,1,Divorced,4,0,12.831745780251843,8,10.0,18,246.50720972273538
CUST000160,1,67,Phone,1,73.0,COD,Male,4.3019032847137595,1,Electronics,4,Divorced,3,0,44.99888730258952,0,10.0,13,116.81238182428328
CUST000161,0,9,Phone,3,36.0,Debit Card,Male,5.231913426718726,4,Grocery,3,Divorced,3,0,24.876027250751164,9,6.0,15,204.78046363125463
CUST000162,0,66,Computer,2,48.0,COD,Male,4.3019032847137595,4,Electronics,5,Divorced,3,0,1.815704165825423,3,6.0,21,390.04201186748236
CUST000163,0,17,Tablet,3,69.0,COD,Male,1.5070613817670666,4,Grocery,3,Married,5,0,16.772278511550496,2,9.0,12,385.6124076452018
CUST000164,0,33,Phone,2,91.0,Wallet,Male,7.684505907925779,3,Others,2,Married,3,0,-15.376128452448796,4,15.0,8,114.05018895119257
CUST000165,0,7,Tablet,2,12.0,Wallet,Male,4.47244792959215,4,Fashion,3,Divorced,1,0,48.07977649548158,6,2.0,10,461.1116590774301
CUST000166,1,39,Computer,3,81.0,UPI,Female,2.3141997058466686,2,Mobile,1,Single,3,0,5.20419313515082,7,4.0,14,296.2840913824134
CUST000167,0,41,Phone,2,76.0,Credit Card,Female,4.254526783660307,3,Grocery,4,Single,4,0,13.450714843919506,1,5.0,5,246.50720972273538
CUST000168,0,40,Computer,2,91.0,UPI,Male,5.597152495513308,1,Grocery,4,Divorced,1,0,4.869878196584583,6,17.0,18,250.9677903904303
CUST000169,0,5,Phone,2,47.0,Debit Card,Male,1.0717941348017335,1,Electronics,1,Married,3,0,27.77582110813401,0,8.0,19,302.53562671887187
CUST000170,0,51,Phone,2,51.5,UPI,Female,2.56027861285919,1,Others,2,Single,3,0,26.356251083071513,6,8.0,15,279.9452659228927
CUST000171,0,25,Phone,1,55.0,COD,Female,6.552241181629952,3,Electronics,1,Single,2,0,30.072561737039493,7,12.0,6,246.50720972273538
CUST000172,0,63,Phone,2,28.0,Debit Card,Female,3.9474865280199594,2,Electronics,3,Single,5,0,-1.2299739271655419,1,8.0,27,252.46640204470006
CUST000173,0,58,Computer,2,28.0,Wallet,Female,4.599328565242212,4,Others,1,Divorced,1,0,2.0967936814846198,8,10.0,11,88.20595521394308
CUST000174,0,55,Phone,2,21.0,COD,Male,3.7461200165710196,4,Mobile,1,Single,2,0,-11.232413823265443,0,3.0,21,406.36645215233966
CUST000175,0,58,Computer,3,9.0,Wallet,Male,0.8292495698225384,1,Electronics,2,Single,4,0,25.885698029227882,5,18.0,11,270.8801599705077
CUST000176,0,69,Phone,2,24.0,Credit Card,Male,1.7431233486511695,1,Electronics,3,Single,5,0,-17.21420108650432,0,19.0,20,65.53993085235155
CUST000177,0,32,Computer,3,25.0,Debit Card,Male,3.8415622905641817,3,Grocery,5,Single,1,0,21.83776348664213,2,19.0,20,383.078550791389
CUST000178,0,52,Phone,1,62.0,Debit Card,Male,2.0688909905594586,2,Others,5,Married,3,0,40.87871193961437,5,15.0,21,466.2219891886754
CUST000179,1,21,Computer,2,35.0,COD,Female,4.3019032847137595,4,Fashion,4,Divorced,1,0,42.35825038027435,2,6.0,18,473.65344961848103
CUST000180,0,20,Tablet,2,15.0,Credit Card,Male,6.827372480388678,3,Mobile,1,Divorced,3,0,11.43264322589732,7,16.0,25,184.50886620558637
CUST000181,0,69,Tablet,2,56.0,COD,Female,7.858943968730869,4,Mobile,4,Married,5,1,12.151258174915164,4,8.0,18,67.75843678037702
CUST000182,0,69,Phone,3,19.0,Debit Card,Male,6.448571554975546,1,Others,2,Married,3,1,-14.612157189438784,1,16.0,10,259.1998133165326
CUST000183,1,3,Computer,1,87.0,Debit Card,Male,6.9033869127850025,4,Grocery,5,Divorced,4,0,26.9535517810125,3,18.0,2,56.30461467461034
CUST000184,1,61,Computer,3,51.5,COD,Male,2.3148284773778403,2,Grocery,1,Single,3,0,37.48815942609919,8,16.0,26,466.99370925630865
CUST000185,0,61,Phone,2,51.5,UPI,Male,7.704702316348998,2,Others,2,Single,4,0,-2.874146177670088,3,11.0,9,246.50720972273538
CUST000186,0,23,Phone,2,55.0,COD,Male,1.976942783400713,1,Grocery,2,Divorced,5,0,9.491061714335526,9,7.0,14,126.38292997558203
CUST000187,1,54,Computer,2,62.0,Wallet,Female,4.3019032847137595,2,Mobile,1,Single,5,0,38.718753573568925,9,17.0,19,203.3182634424852
CUST000188,0,8,Phone,2,9.0,Credit Card,Female,7.961144704744632,2,Mobile,2,Married,1,0,41.398432736360164,7,10.0,10,191.5822342795629
CUST000189,0,2,Tablet,2,9.0,Debit Card,Female,5.837921043095365,3,Fashion,1,Single,4,0,-2.9774013815041833,4,12.0,23,397.3314461989445
CUST000190,0,30,Computer,2,51.5,Debit Card,Male,7.858577988438665,4,Others,1,Single,4,0,18.539944417895498,9,13.0,4,228.15841027548117
CUST000191,0,39,Computer,1,12.0,Wallet,Male,4.771548346753278,1,Electronics,3,Single,2,0,-6.525479455492105,0,10.0,29,85.38413000166844
CUST000192,1,35,Phone,2,68.0,COD,Female,4.3019032847137595,1,Electronics,4,Divorced,2,0,-12.868486510231042,6,7.0,29,246.50720972273538
CUST000193,1,23,Computer,1,14.0,UPI,Male,3.7774691424921567,1,Fashion,2,Married,2,0,43.778435097437026,2,14.0,6,254.556692593761
CUST000194,0,5,Phone,2,51.5,Debit Card,Male,4.951707015340895,1,Fashion,2,Single,3,0,37.43552529624764,9,1.0,14,246.50720972273538
CUST000195,0,65,Computer,2,96.0,COD,Female,1.0481117152026125,1,Grocery,3,Divorced,2,0,33.20244312622217,7,17.0,4,305.82783782300703
CUST000196,0,3,Phone,2,85.0,Wallet,Male,5.167574484629346,2,Fashion,3,Single,4,0,-16.58635768308017,2,4.0,26,282.87365327557296
CUST000197,1,5,Phone,2,99.0,COD,Female,7.858833775717209,3,Fashion,3,Married,3,0,39.061015489718024,0,5.0,15,357.35115819112883
CUST000198,1,50,Computer,1,12.0,UPI,Male,1.9258073733779573,1,Electronics,5,Single,5,0,10.663085313376861,4,7.0,16,468.8523076896838
CUST000199,1,61,Tablet,2,29.0,Credit Card,Female,6.444463372162875,3,Grocery,5,Married,1,0,3.9676586307101758,1,10.0,7,456.12728055057784
CUST000200,1,56,Computer,1,77.0,Debit Card,Male,7.309240953347145,3,Fashion,5,Single,2,0,18.253345271776354,3,17.0,17,473.03780903441566
CUST000201,0,65,Tablet,2,70.0,COD,Male,7.577761946151656,2,Fashion,1,Married,5,0,-13.605273009351091,0,7.0,19,122.35779851185046
CUST000202,0,7,Tablet,3,51.5,COD,Female,7.701017033040854,1,Grocery,2,Single,4,0,32.96525845466792,8,1.0,29,65.78265331967731
CUST000203,0,25,Phone,1,54.0,Credit Card,Male,4.410947290411039,2,Others,4,Married,1,0,20.770455382180714,5,7.0,19,151.13835024822424
CUST000204,1,50,Phone,2,71.0,COD,Male,7.8298093099362776,1,Grocery,1,Single,5,0,-6.938693218878274,7,11.0,17,447.5425863831573
CUST000205,0,44,Computer,2,53.0,COD,Female,6.179826553508292,2,Electronics,2,Single,1,0,-6.823746016166808,3,9.0,6,486.0267373117441
CUST000206,0,43,Phone,2,40.0,Credit Card,Male,1.7125357717772143,3,Others,2,Divorced,2,1,-7.102594389912804,8,12.0,29,429.662475535238
CUST000207,0,4,Computer,1,72.0,COD,Female,4.076750798509774,1,Mobile,3,Divorced,4,0,-16.009832871364623,1,3.0,11,55.0088605637718
CUST000208,0,69,Tablet,1,82.0,Wallet,Male,5.88748381529003,4,Grocery,3,Married,1,0,21.145891456017935,8,4.0,16,473.71399902989657
CUST000209,0,25,Phone,3,45.0,COD,Male,2.355052368643125,3,Electronics,1,Single,5,0,38.82437243119557,4,4.0,25,211.67901367539298
CUST000210,0,67,Computer,2,93.0,UPI,Male,5.3046138766166555,4,Others,3,Married,2,0,-18.775125020882797,5,13.0,8,4.6551453811768395
CUST000211,0,18,Computer,1,66.0,Debit Card,Male,5.499503592849644,3,Grocery,2,Divorced,2,0,-16.569674852010852,2,19.0,11,221.1968703740968
CUST000212,0,19,Tablet,2,51.5,Credit Card,Female,1.7202480785642442,2,Fashion,3,Married,5,0,20.093919368086205,3,10.0,7,23.034584837733796
CUST000213,0,11,Computer,2,25.0,Wallet,Male,4.738139843395672,1,Grocery,5,Married,5,0,37.36469797702366,5,5.0,26,271.9389605805588
CUST000214,0,46,Computer,1,40.0,Credit Card,Female,6.287201832339558,3,Mobile,3,Divorced,1,0,2.87172233980435,6,7.0,24,169.27701371852567
CUST000215,1,0,Tablet,2,16.0,Credit Card,Male,4.241717484019564,2,Grocery,2,Single,3,0,4.473007916540553,0,16.0,22,236.71746679702437
CUST000216,0,13,Phone,2,95.0,COD,Male,0.5907733758208057,1,Others,1,Married,2,0,21.744254824774316,6,1.0,25,246.50720972273538
CUST000217,0,63,Tablet,3,6.0,Debit Card,Male,0.5677885180946913,1,Others,4,Divorced,1,0,-0.8050977613097103,0,10.0,19,434.40054790891014
CUST000218,1,37,Phone,1,17.0,UPI,Male,3.1777200797750913,3,Grocery,3,Single,5,0,-18.137414374562113,4,2.0,26,330.9507882359643
CUST000219,0,36,Phone,2,51.5,COD,Female,7.446455513238365,1,Others,2,Divorced,1,0,31.465996267111727,5,7.0,10,217.02443423909034
CUST000220,1,10,Phone,2,36.0,COD,Female,2.215075847027066,3,Fashion,4,Married,5,0,23.795493905901715,1,11.0,9,409.7139268351825
CUST000221,0,2,Phone,2,99.0,Credit Card,Female,5.2577276665376536,1,Grocery,4,Single,4,0,20.652919933896136,9,13.0,4,452.7910687865661
CUST000222,0,32,Phone,2,20.0,Debit Card,Female,4.3019032847137595,4,Fashion,5,Single,5,0,31.91788902942762,8,2.0,23,59.87998321609861
CUST000223,0,5,Phone,2,36.0,Wallet,Male,2.9125249224466145,2,Fashion,4,Divorced,5,0,27.266158629342627,9,10.0,15,265.96648877639575
CUST000224,0,49,Tablet,3,36.0,COD,Female,6.860315672011129,4,Electronics,2,Divorced,5,0,-5.588260827517519,5,15.0,13,142.25597987122208
CUST000225,0,9,Phone,2,15.0,Debit Card,Female,5.966460817024601,3,Grocery,2,Divorced,3,0,4.673673286034578,6,11.0,25,23.5305989384737
CUST000226,0,4,Phone,2,14.0,Debit Card,Male,1.2154945798490797,4,Others,3,Single,5,0,-11.17229008249625,9,2.0,2,334.2733475569927
CUST000227,1,22,Tablet,3,19.0,COD,Male,3.7152651573982522,3,Fashion,3,Single,2,0,-10.910009060748328,7,7.0,2,431.38538872961277
CUST000228,0,9,Phone,2,21.0,Credit Card,Male,0.7187732273394836,1,Electronics,3,Married,2,0,27.33370224495775,9,4.0,16,81.45132723869702
CUST000229,1,43,Phone,2,44.0,Debit Card,Male,4.106676099522567,1,Grocery,4,Single,1,0,40.10200748877487,0,11.0,9,406.20682881195023
CUST000230,0,1,Computer,1,22.0,COD,Female,5.468255087758011,3,Grocery,4,Married,3,0,47.39128087027973,7,2.0,28,246.50720972273538
CUST000231,1,12,Computer,3,59.0,COD,Female,1.3887696769861366,4,Mobile,5,Divorced,1,0,23.984298228461107,3,16.0,13,457.1702213332417
CUST000232,0,39,Phone,1,77.0,Wallet,Male,4.3019032847137595,1,Mobile,3,Divorced,2,0,-7.112907364733012,9,7.0,3,132.64254454302622
CUST000233,0,1,Phone,1,29.0,UPI,Male,3.483774691266177,2,Fashion,1,Single,2,0,-12.604475818574851,7,13.0,9,451.9765325949446
CUST000234,0,64,Phone,1,63.0,Credit Card,Male,7.3964826849203735,1,Mobile,5,Divorced,4,0,36.899568007573045,5,5.0,13,160.33137736821612
CUST000235,0,62,Computer,2,82.0,COD,Female,7.94941261567223,2,Fashion,1,Divorced,5,0,20.512953345199946,8,17.0,21,276.1690067277514
CUST000236,1,72,Computer,1,93.0,UPI,Female,0.836834742467119,4,Others,4,Single,2,0,23.27995147096039,3,12.0,22,25.253735416141065
CUST000237,0,16,Phone,1,26.0,UPI,Male,6.2075594262154405,2,Fashion,5,Married,1,1,34.702346212829646,1,19.0,2,21.940544184371802
CUST000238,0,8,Phone,1,34.0,Wallet,Male,3.287930498017574,2,Mobile,5,Single,1,0,29.229405941271615,1,7.0,8,360.18660636610144
CUST000239,0,14,Phone,1,88.0,Debit Card,Female,3.4434363967211,2,Others,2,Married,5,0,38.41207769992677,4,6.0,27,222.23998898889553
CUST000240,0,23,Tablet,2,89.0,Wallet,Male,6.15698730010267,2,Mobile,4,Single,5,0,-16.065026617808506,9,10.0,9,128.14618768460878
CUST000241,1,37,Tablet,2,48.0,Debit Card,Male,7.3881982410905644,1,Fashion,4,Single,4,0,32.32644457225534,8,13.0,16,95.2067480124551
CUST000242,1,34,Computer,2,36.0,Debit Card,Female,7.631964458769113,2,Electronics,5,Divorced,3,0,39.55969301254668,2,5.0,2,334.976745429609
CUST000243,1,48,Computer,2,55.0,COD,Male,4.3019032847137595,1,Grocery,4,Single,1,0,0.029452972082005147,7,2.0,6,0.20077201266993638
CUST000244,0,68,Computer,2,50.0,COD,Female,3.178408694753771,2,Mobile,5,Single,5,0,24.8313091795277,3,9.0,22,402.9455845984271
CUST000245,0,61,Phone,1,25.0,Credit Card,Male,4.3019032847137595,3,Fashion,2,Married,1,0,1.9913444685880464,5,11.0,8,246.50720972273538
CUST000246,1,59,Tablet,1,36.0,Debit Card,Male,2.382510374467252,4,Others,5,Divorced,5,0,47.05797465377178,9,6.0,26,95.74480745405972
CUST000247,0,49,Phone,3,98.0,UPI,Female,4.730555216251383,2,Mobile,4,Married,2,0,-17.660349929514737,5,7.0,28,193.1181976495448
CUST000248,1,8,Phone,2,43.0,COD,Female,3.1893384614365488,3,Mobile,4,Married,1,0,20.585499068306852,2,7.0,5,242.4293698580518
CUST000249,1,33,Phone,1,16.0,Credit Card,Male,5.424733052809071,2,Grocery,5,Divorced,2,0,-8.344751706533945,4,19.0,9,177.4975579069709
CUST000250,1,34,Phone,2,51.0,COD,Female,2.3029918467013015,2,Fashion,5,Divorced,1,0,29.855414362401106,2,6.0,1,160.35608249214695
CUST000251,0,0,Phone,1,22.0,Wallet,Male,1.9369470930111934,2,Electronics,5,Divorced,3,0,-7.687680160693654,0,11.0,9,481.9580060365942
CUST000252,0,39,Phone,2,25.0,Credit Card,Male,4.3019032847137595,3,Others,3,Single,4,0,-3.523171667114969,6,11.0,10,320.7898406216971
CUST000253,1,63,Tablet,1,17.0,Credit Card,Female,1.2635276221215268,4,Fashion,4,Divorced,2,0,14.605956773203069,3,7.0,23,11.716477683694105
CUST000254,0,21,Phone,1,25.0,Credit Card,Male,4.294684308011988,3,Others,4,Divorced,5,0,44.03844649978147,6,2.0,4,215.08795422215658
CUST000255,0,59,Tablet,1,51.5,Credit Card,Male,2.156395872222567,4,Mobile,3,Divorced,3,0,-5.179993949642041,2,19.0,3,437.5043498719851
CUST000256,0,63,Tablet,3,50.0,COD,Female,0.7919747249425059,2,Grocery,5,Married,1,0,-9.903198521732753,4,4.0,10,150.72809320533398
CUST000257,1,71,Tablet,2,11.0,Wallet,Female,0.7701411371856979,1,Grocery,2,Married,2,0,33.12837822978214,4,6.0,15,47.27817238719412
CUST000258,0,10,Computer,1,27.0,Wallet,Male,1.814163290793705,2,Electronics,5,Single,1,0,15.043367263375167,1,17.0,11,246.50720972273538
CUST000259,0,13,Phone,1,79.0,Wallet,Female,4.3019032847137595,4,Grocery,5,Married,1,0,43.824957866724,9,5.0,14,246.50720972273538
CUST000260,0,59,Phone,2,90.0,Debit Card,Female,2.6185905798277,3,Mobile,3,Single,1,0,-9.73698099881104,1,7.0,6,285.15625391325193
CUST000261,0,29,Phone,1,51.5,UPI,Female,7.6284437793147175,2,Electronics,4,Married,4,0,25.21495251161275,3,9.0,12,26.78827980370396
CUST000262,1,34,Phone,1,93.0,Wallet,Female,4.862167197418952,3,Fashion,5,Divorced,4,0,-3.6984597693729455,3,1.0,13,70.24950489775867
CUST000263,0,36,Computer,3,51.5,Credit Card,Male,3.7746064232657455,3,Grocery,4,Married,5,0,-9.026769994385248,3,1.0,17,311.2746981065569
CUST000264,0,4,Computer,1,96.0,Credit Card,Male,4.850666260020909,3,Electronics,1,Single,2,0,27.840059061008937,5,19.0,16,103.9119207294179
CUST000265,1,25,Tablet,2,33.0,Wallet,Male,4.375237889197008,2,Mobile,4,Married,3,0,21.557923393611325,1,6.0,3,252.03503987421217
CUST000266,1,61,Phone,3,17.0,Wallet,Female,6.1908219031799385,3,Others,2,Divorced,3,0,32.83792208536319,5,18.0,2,272.4408430146967
CUST000267,0,3,Phone,2,86.0,Credit Card,Female,4.3019032847137595,3,Others,2,Single,3,0,1.6623803512327662,6,10.0,11,141.7535951354697
CUST000268,1,41,Phone,1,51.5,Debit Card,Female,4.3019032847137595,2,Mobile,5,Divorced,1,0,11.358015946753294,9,11.0,29,474.2125777707464
CUST000269,0,17,Phone,1,33.0,COD,Female,7.20570726899938,3,Mobile,4,Divorced,4,0,8.383017343129293,2,1.0,9,421.2320534177876
CUST000270,0,39,Computer,3,89.0,COD,Female,7.598423848628041,2,Others,5,Single,2,0,48.88626247765599,7,1.0,3,361.18675381639923
CUST000271,1,71,Phone,3,83.0,Wallet,Female,7.1941867061485585,4,Electronics,3,Divorced,1,0,0.4574269717571511,1,10.0,29,38.99693320470454
CUST000272,1,38,Phone,3,56.0,COD,Female,4.3019032847137595,4,Others,2,Divorced,4,0,0.6372066842736821,7,5.0,18,53.06500965450972
CUST000273,1,13,Tablet,1,31.0,Wallet,Male,6.352741272551612,4,Mobile,5,Married,4,1,4.818374618002515,4,1.0,20,246.39067293247786
CUST000274,1,31,Phone,3,54.0,Wallet,Male,4.072517999758241,3,Grocery,3,Divorced,2,0,19.521585690322503,1,3.0,15,80.35667459549283
CUST000275,0,50,Phone,3,51.5,COD,Female,4.231548891095766,1,Fashion,5,Divorced,2,0,-2.3374079015378335,6,18.0,14,489.13273176473706
CUST000276,0,37,Tablet,2,83.0,Credit Card,Female,2.0351008179296297,1,Grocery,4,Divorced,2,1,44.07029582654917,1,9.0,2,79.26011701370473
CUST000277,1,22,Phone,3,27.0,Wallet,Female,4.933477274438873,3,Grocery,4,Divorced,1,0,-1.4020104593615557,5,14.0,17,243.733917731987
CUST000278,0,62,Phone,3,92.0,Credit Card,Male,4.3019032847137595,1,Mobile,4,Single,5,0,42.707101209213626,9,17.0,22,182.06052842075272
CUST000279,1,14,Phone,2,48.0,Credit Card,Male,2.9867352430039533,2,Others,4,Married,2,0,-12.756745544739074,2,14.0,26,319.693210727049
CUST000280,1,24,Phone,2,51.5,COD,Female,6.912726512149513,1,Electronics,1,Divorced,5,0,25.959389167975658,8,4.0,8,64.51820444471245
CUST000281,1,16,Tablet,1,26.0,Credit Card,Female,2.053068569081414,3,Grocery,3,Divorced,1,0,43.48898629067706,2,5.0,10,215.15821402119545
CUST000282,0,65,Phone,1,47.0,COD,Male,1.033687138800746,3,Others,3,Single,5,0,-8.187539312123933,2,17.0,26,137.35251640357183
CUST000283,0,52,Phone,2,41.0,Debit Card,Male,1.0175569445961223,2,Electronics,4,Divorced,3,0,47.78288720694785,4,2.0,18,443.875762335844
CUST000284,0,50,Phone,1,65.0,Debit Card,Male,4.3019032847137595,4,Grocery,1,Single,5,0,11.70183522908582,6,5.0,25,20.292856067347543
CUST000285,0,38,Computer,3,60.0,UPI,Male,4.3019032847137595,3,Electronics,4,Married,2,0,46.20005759087171,7,4.0,29,456.8637470032296
CUST000286,0,50,Phone,3,7.0,Wallet,Female,3.5705905386276373,2,Others,1,Married,1,0,27.37740305410329,6,4.0,19,416.4970692765002
CUST000287,0,69,Computer,3,67.0,COD,Male,6.5815893575593885,1,Fashion,4,Divorced,2,0,1.1110808911486068,8,6.0,8,148.78535822040772
CUST000288,0,5,Phone,1,23.0,Credit Card,Male,6.76869445932887,1,Others,2,Divorced,3,0,-6.818823255802551,4,10.0,28,394.64532733855236
CUST000289,0,66,Phone,1,51.5,Debit Card,Female,2.9914327483670347,2,Mobile,2,Divorced,2,0,1.2614532357569566,9,5.0,8,15.60678016937378
CUST000290,0,6,Tablet,1,33.0,COD,Male,5.702135431053464,2,Electronics,5,Single,2,0,-13.48878135161275,2,7.0,3,483.4327751466968
CUST000291,0,50,Tablet,2,51.5,Debit Card,Male,6.28342111888915,3,Fashion,4,Divorced,2,0,-9.929242355966917,5,1.0,3,263.29747129489465
CUST000292,0,71,Tablet,3,43.0,Credit Card,Male,4.3019032847137595,1,Electronics,3,Divorced,4,0,-12.673769175746319,4,14.0,12,151.64051303272262
CUST000293,1,41,Computer,3,29.0,Debit Card,Female,1.6369630610007453,2,Electronics,5,Married,3,0,9.606048061909043,3,4.0,22,181.29160629733855
CUST000294,0,63,Phone,2,12.0,Wallet,Male,7.069123126377928,1,Grocery,2,Divorced,2,0,35.69048633803105,1,17.0,17,33.20267673024868
CUST000295,0,14,Phone,3,62.0,Wallet,Female,4.543209145520065,2,Mobile,4,Married,2,0,-10.103151204856186,6,14.0,4,494.6747570210196
CUST000296,0,28,Phone,3,20.0,UPI,Female,2.6185431977750278,1,Electronics,5,Divorced,2,0,-10.877569677936489,4,16.0,17,19.645972575346228
CUST000297,1,32,Phone,1,76.0,UPI,Male,3.689211390782704,4,Others,4,Married,1,0,25.040026466213156,3,14.0,14,327.4535615739295
CUST000298,0,26,Computer,3,5.0,Debit Card,Male,0.7817831779918054,3,Others,2,Divorced,4,0,-6.197191262235361,7,16.0,19,221.36796385322916
CUST000299,0,35,Tablet,2,9.0,COD,Male,1.4590010091681318,1,Grocery,5,Married,1,0,-13.167297332370588,8,8.0,9,474.45810909435755
CUST000300,0,28,Phone,1,7.0,Wallet,Male,6.241600628868956,4,Mobile,2,Single,4,0,-8.320599525609566,8,3.0,21,122.99987015339758
CUST000301,0,37,Computer,2,69.0,COD,Female,0.500087260665246,1,Mobile,1,Married,2,0,44.66119771137433,2,19.0,12,266.04341196900566
CUST000302,0,56,Tablet,1,8.0,COD,Male,3.6242437136171914,1,Others,2,Married,3,0,37.502987694333356,2,1.0,5,241.17810429137648
CUST000303,0,26,Computer,2,68.0,Debit Card,Male,4.418826358141914,4,Fashion,4,Married,5,0,4.784519364856585,4,10.0,11,351.43322202505067
CUST000304,0,54,Phone,2,93.0,COD,Male,4.3019032847137595,1,Grocery,3,Divorced,5,0,25.907453712917494,4,15.0,20,34.005115976210256
CUST000305,1,32,Tablet,2,14.0,Wallet,Female,7.798086222292496,1,Grocery,2,Divorced,2,0,17.609297156762665,9,10.0,3,96.89456501167743
CUST000306,1,67,Computer,2,25.0,Credit Card,Male,2.1959399843725396,3,Others,3,Divorced,1,0,27.398698443779473,1,18.0,21,107.28241004642491
CUST000307,0,65,Phone,2,50.0,UPI,Male,2.7814903972721066,4,Others,1,Single,3,0,27.786980672393156,0,14.0,15,369.07537742084486
CUST000308,0,9,Phone,2,95.0,Credit Card,Female,2.779568841912705,4,Fashion,5,Single,4,0,24.011381054199504,7,17.0,14,94.56934816337004
CUST000309,1,4,Phone,2,31.0,COD,Female,2.2281249658801245,2,Fashion,5,Married,2,0,-1.3729042023883977,2,13.0,11,286.74588194548835
CUST000310,0,37,Phone,2,70.0,Credit Card,Male,0.5110536656473357,1,Mobile,3,Single,3,0,-17.26955054660273,0,1.0,20,107.62191025047684
CUST000311,0,12,Computer,1,45.0,Wallet,Male,5.970085955659973,3,Grocery,5,Married,3,0,11.889674739307615,0,5.0,8,430.8124750419892
CUST000312,0,30,Tablet,2,17.0,Wallet,Male,7.75134124849464,1,Grocery,2,Married,4,1,42.36817192834927,1,13.0,4,471.0927272448193
CUST000313,0,46,Tablet,1,13.0,COD,Male,2.182201124637838,1,Others,3,Married,3,0,19.864808096300315,5,14.0,27,259.24648747112025
CUST000314,1,51,Computer,2,40.0,Debit Card,Male,5.4728539385256685,2,Mobile,4,Single,1,0,38.26737291913356,5,3.0,12,176.15444210458915
CUST000315,1,55,Tablet,3,90.0,Credit Card,Female,6.064222452190363,1,Grocery,2,Divorced,1,0,49.41370400728597,2,10.0,8,117.02888750874956
CUST000316,0,14,Tablet,2,94.0,Debit Card,Female,6.863190343178935,3,Mobile,2,Single,1,0,-8.546865710320661,3,19.0,6,24.890500761521885
CUST000317,0,28,Phone,2,62.0,Debit Card,Male,3.669718977602068,3,Mobile,2,Married,3,0,28.42443473993876,1,17.0,15,134.2500380987477
CUST000318,0,7,Computer,3,58.0,COD,Male,2.7719817923032193,2,Others,4,Married,1,0,27.200550159001722,1,3.0,12,327.11788997265893
CUST000319,0,4,Phone,3,16.0,COD,Female,2.939713505172733,1,Mobile,1,Single,4,0,48.596881315079486,6,10.0,16,266.8084656546054
CUST000320,0,28,Phone,3,85.0,UPI,Male,5.844659998238846,3,Fashion,5,Married,3,0,48.992051376696025,0,14.0,16,472.02063914046374
CUST000321,0,46,Computer,3,82.0,Wallet,Male,6.62584599879227,1,Fashion,3,Married,5,0,28.067502820689064,6,12.0,27,198.1386312458503
CUST000322,1,67,Phone,1,51.5,Wallet,Male,1.86210475817452,1,Electronics,1,Single,3,0,-2.9469645612464,0,12.0,21,346.93167116419727
CUST000323,0,44,Phone,1,38.0,COD,Male,3.282057561183239,1,Others,3,Single,4,1,35.89890866914193,5,11.0,20,244.6613737375607
CUST000324,0,1,Phone,2,57.0,UPI,Male,7.264551475618625,2,Electronics,5,Single,5,0,-12.507960605227332,2,10.0,20,246.50720972273538
CUST000325,1,26,Computer,1,24.0,Wallet,Female,6.550201397710544,1,Fashion,4,Married,3,0,34.64895129201401,7,8.0,28,133.88715730205874
CUST000326,1,35,Phone,2,79.0,COD,Male,7.886438020718568,3,Electronics,2,Married,1,0,43.71372869012875,5,17.0,4,227.47538842099985
CUST000327,0,35,Phone,2,20.0,Wallet,Male,4.3019032847137595,1,Others,2,Divorced,2,0,6.798337633790467,1,11.0,11,235.39249850635363
CUST000328,0,25,Phone,2,99.0,Debit Card,Male,3.4489640077094172,3,Others,4,Divorced,2,0,24.144470648815634,7,2.0,13,353.321260874467
CUST000329,0,42,Phone,2,51.5,Credit Card,Female,4.929783754959783,1,Mobile,1,Single,1,0,10.109991246777842,4,10.0,29,470.31999959305693
CUST000330,0,26,Phone,2,60.0,Credit Card,Female,5.4576069068549025,3,Grocery,1,Divorced,2,0,10.643553849168992,7,10.0,9,164.66063874125214
CUST000331,0,68,Phone,2,87.0,Wallet,Female,4.3019032847137595,3,Mobile,3,Married,2,0,1.7259622375684032,7,11.0,4,21.100234290649222
CUST000332,1,19,Computer,3,62.0,COD,Female,4.583727193278988,1,Others,4,Divorced,1,0,33.349073431522726,5,10.0,12,248.14756275031985
CUST000333,0,10,Tablet,2,8.0,UPI,Male,5.819906213544572,1,Fashion,1,Married,1,0,45.53235949165537,1,4.0,9,272.2306660745843
CUST000334,0,37,Phone,3,8.0,UPI,Female,1.754909780007953,3,Fashion,4,Single,3,0,45.85256014641227,7,12.0,13,246.50720972273538
CUST000335,0,5,Phone,1,24.0,UPI,Male,6.354737880691679,4,Mobile,5,Single,3,0,-7.765310058754633,5,11.0,16,380.23230313803333
CUST000336,0,71,Phone,3,14.0,Debit Card,Male,4.878295853855837,2,Others,2,Married,1,1,41.23205547595962,5,13.0,26,492.4645542207458
CUST000337,1,22,Phone,2,28.0,UPI,Female,7.64166339273196,4,Fashion,2,Divorced,4,0,31.62020089989855,7,10.0,6,472.88735850423046
CUST000338,1,46,Computer,2,30.0,Credit Card,Female,4.3019032847137595,4,Others,2,Single,2,0,-2.301381951679751,0,6.0,10,98.5530194118261
CUST000339,0,45,Computer,1,41.0,Debit Card,Female,2.489946031666002,1,Fashion,4,Single,3,0,-15.29007709549398,1,1.0,13,437.68161995038037
CUST000340,0,11,Phone,2,51.5,COD,Female,5.01165409474868,2,Others,4,Divorced,2,0,-1.2401913180935438,8,6.0,7,352.2468182058424
CUST000341,0,12,Phone,1,58.0,UPI,Female,2.7241993415444803,4,Electronics,3,Divorced,5,0,43.8545765747068,7,18.0,28,226.92328190345577
CUST000342,0,61,Computer,1,51.5,UPI,Male,5.858181230534316,1,Others,2,Married,1,0,24.322507242704063,6,9.0,26,270.30549716236453
CUST000343,0,59,Tablet,2,78.0,COD,Female,6.192539618914482,4,Others,3,Divorced,4,0,30.473826262851027,6,15.0,19,424.8000874912291
CUST000344,0,42,Phone,2,42.0,UPI,Female,1.2688697304985583,4,Mobile,2,Divorced,5,0,-1.9993354223632913,4,10.0,24,240.06746981918658
CUST000345,0,67,Phone,2,50.0,COD,Female,4.353908481550758,1,Electronics,3,Divorced,5,0,30.35717089023742,1,19.0,19,186.60368455256344
CUST000346,0,4,Phone,3,8.0,Debit Card,Male,4.31667916693292,1,Grocery,3,Married,5,0,-18.031494560545337,5,16.0,17,246.6237465129929
CUST000347,0,36,Computer,2,64.0,Credit Card,Female,3.269605776616558,1,Mobile,5,Married,1,0,6.272494204110966,9,6.0,13,289.56490201752456
CUST000348,0,71,Phone,2,61.0,COD,Male,7.496936469272541,2,Grocery,3,Single,3,0,23.872734397963185,2,6.0,13,94.53882688917442
CUST000349,0,30,Computer,1,51.5,COD,Female,6.706297399049159,4,Fashion,4,Married,1,0,-9.773240412107585,3,3.0,26,450.45386513349536
CUST000350,0,8,Phone,2,24.0,COD,Female,5.729070364322276,1,Grocery,3,Single,3,0,37.61025021128543,9,10.0,28,337.0934744148069
CUST000351,0,50,Phone,2,51.5,UPI,Male,5.857449768012482,3,Others,2,Divorced,5,0,-3.5478090831656957,1,1.0,21,316.63445866874446
CUST000352,1,28,Phone,3,75.0,Debit Card,Female,3.9628710785983934,4,Grocery,3,Single,5,1,25.65967789729124,1,14.0,2,246.50720972273538
CUST000353,0,39,Phone,3,8.0,Wallet,Male,7.407458908224319,3,Mobile,1,Single,4,0,8.363799980273079,7,10.0,10,302.0869690862959
CUST000354,0,40,Tablet,2,97.0,Debit Card,Male,5.709465704399641,2,Mobile,2,Divorced,3,0,21.7230516834353,7,12.0,22,246.50720972273538
CUST000355,0,10,Computer,1,18.0,Wallet,Male,5.967357962418624,1,Grocery,1,Single,5,0,-12.478461315976432,9,6.0,13,39.34883759769953
CUST000356,0,22,Tablet,3,7.0,COD,Female,6.96268177840509,3,Mobile,2,Married,2,0,-18.81610400548749,5,11.0,26,263.6554478211967
CUST000357,0,0,Computer,3,92.0,Credit Card,Female,2.5555369200664324,2,Mobile,4,Married,4,0,43.66950991662108,4,12.0,9,201.3927670232475
CUST000358,0,45,Phone,1,84.0,COD,Female,6.553031779000272,1,Grocery,4,Married,1,1,-1.1258993862972062,7,10.0,1,294.4051350781116
CUST000359,1,20,Phone,1,51.5,Debit Card,Male,1.9643045221736903,3,Electronics,4,Married,4,0,37.377390194632135,3,18.0,14,44.611084028619295
CUST000360,0,35,Tablet,3,51.5,UPI,Female,3.090064641836659,3,Electronics,1,Single,2,0,49.95452103305401,3,7.0,29,246.50720972273538
CUST000361,0,53,Phone,1,8.0,Wallet,Male,3.01707840702382,2,Fashion,5,Single,3,0,-5.199811940076218,4,7.0,16,87.39335752257898
CUST000362,0,56,Computer,3,28.0,UPI,Female,7.838941012918554,1,Mobile,2,Divorced,1,0,-1.4380481171651098,0,10.0,20,493.5500429620583
CUST000363,0,0,Phone,2,38.0,Credit Card,Male,6.924029178109452,1,Grocery,4,Single,1,0,26.4001851344266,0,4.0,15,280.5751062175872
CUST000364,0,62,Phone,1,34.0,Wallet,Male,5.7587739619269485,3,Mobile,2,Single,3,0,47.58140442204349,1,1.0,1,343.71843047043365
CUST000365,1,53,Tablet,3,86.0,Debit Card,Male,5.952925712115426,3,Others,1,Single,4,0,44.10700437335207,7,13.0,17,162.7091403413039
CUST000366,0,54,Phone,2,23.0,COD,Female,4.715545958019283,3,Mobile,5,Divorced,5,0,15.201286404590945,6,18.0,24,47.36945738967208
CUST000367,1,39,Phone,2,35.0,UPI,Male,7.603180003313893,1,Mobile,1,Married,4,0,35.65771977687073,9,9.0,13,487.9354313917683
CUST000368,1,14,Phone,1,64.0,Credit Card,Male,4.221940646617711,2,Electronics,2,Single,2,0,-10.497790283006927,8,9.0,27,143.1295176915916
CUST000369,0,20,Computer,1,64.0,Debit Card,Male,3.353882824024209,2,Grocery,5,Divorced,5,0,48.420672894280855,4,9.0,15,211.9040925867871
CUST000370,0,46,Phone,2,23.0,Debit Card,Male,1.7227650269869326,1,Mobile,5,Divorced,4,0,47.50472638251905,1,10.0,16,324.9319608512875
CUST000371,0,72,Tablet,2,53.0,Debit Card,Male,6.396542391957935,4,Electronics,1,Divorced,3,0,-8.538972948458031,6,2.0,16,12.348648843055642
CUST000372,0,52,Computer,2,67.0,Debit Card,Male,6.008329490566936,2,Fashion,4,Married,2,0,0.9596187362174646,7,6.0,2,405.1295652586435
CUST000373,0,8,Computer,3,87.0,Wallet,Female,3.3826627889310115,3,Electronics,2,Single,2,0,-12.989150174526316,6,15.0,17,268.28909501431013
CUST000374,0,51,Tablet,2,26.0,Debit Card,Female,0.6889506046942202,4,Electronics,3,Divorced,2,0,-0.9797680771274209,6,10.0,11,139.10859353441109
CUST000375,0,56,Phone,1,28.0,UPI,Male,6.792479957885081,4,Electronics,3,Married,5,0,37.11690525906447,4,11.0,8,246.50720972273538
CUST000376,0,25,Phone,2,80.0,Credit Card,Female,0.5856348759055523,2,Mobile,1,Divorced,1,0,6.4820925015681645,1,6.0,20,246.50720972273538
CUST000377,1,40,Computer,3,34.0,Wallet,Female,5.777748347217882,4,Mobile,2,Divorced,5,0,-13.812212299726914,5,3.0,3,447.51692942671843
CUST000378,0,34,Phone,3,62.0,Debit Card,Male,7.776928322945428,4,Fashion,2,Divorced,4,0,3.9557867345233184,3,10.0,29,343.0121119679455
CUST000379,1,62,Phone,2,35.0,COD,Male,3.782459961111526,2,Others,1,Divorced,1,0,48.6968333968896,9,15.0,12,246.50720972273538
CUST000380,0,24,Tablet,1,68.0,COD,Male,2.2623005374696454,2,Others,2,Divorced,4,0,24.077851668144206,1,13.0,20,32.80038247251477
CUST000381,0,37,Phone,1,23.0,Credit Card,Female,5.786532575325363,4,Others,4,Married,1,0,9.131266248431043,8,10.0,16,345.30765619331817
CUST000382,0,1,Phone,2,52.0,COD,Male,6.6284610651168885,3,Fashion,1,Single,5,0,-8.3423040551911,6,6.0,14,286.2038629838826
CUST000383,0,6,Computer,3,49.0,COD,Female,4.598227370583855,1,Others,4,Single,2,0,49.032375809858635,5,15.0,16,202.2597622291175
CUST000384,1,33,Tablet,2,51.5,Wallet,Male,7.7527645644210965,4,Others,2,Single,3,0,37.459430648419016,4,18.0,27,181.8057245950319
CUST000385,1,16,Phone,3,59.0,Wallet,Female,0.8875154124347082,4,Electronics,1,Single,2,1,-0.2965888284356417,2,18.0,21,108.40713796455415
CUST000386,1,42,Phone,3,59.0,Wallet,Male,4.3019032847137595,3,Mobile,2,Married,5,0,-15.095191299516738,9,7.0,17,334.8056282687588
CUST000387,0,58,Computer,1,22.0,COD,Male,5.888404604919126,4,Mobile,1,Married,1,0,-16.03621098357094,9,15.0,11,485.33401389693523
CUST000388,0,50,Computer,2,67.0,COD,Female,6.969803533618842,4,Electronics,2,Married,2,0,-11.573529534612632,3,18.0,17,87.85762291841293
CUST000389,1,53,Phone,1,96.0,COD,Female,1.8444170893084253,1,Electronics,4,Divorced,5,1,20.653800853009514,2,18.0,19,298.5583100077517
CUST000390,1,23,Tablet,1,51.0,UPI,Female,6.5000261132276105,1,Electronics,4,Divorced,4,0,45.01343948438446,7,9.0,22,212.09252787298811
CUST000391,1,24,Tablet,3,79.0,Debit Card,Female,4.645303067889089,1,Mobile,2,Divorced,3,0,14.772039960418915,2,2.0,1,223.34436087233246
CUST000392,0,70,Computer,2,61.0,Wallet,Female,3.474152614924724,2,Others,1,Single,2,0,39.0061837719338,6,8.0,27,127.0736400639072
CUST000393,0,51,Phone,2,51.5,COD,Female,1.4878627143432017,2,Electronics,3,Divorced,1,0,11.212063390186547,6,2.0,12,412.56743783070954
CUST000394,1,69,Tablet,1,51.5,Credit Card,Male,6.989718191816843,1,Fashion,4,Single,4,0,29.600848203747766,6,11.0,15,242.62780207362056
CUST000395,0,32,Computer,1,21.0,Credit Card,Female,4.3019032847137595,1,Electronics,4,Divorced,5,1,31.23109161005506,6,7.0,18,246.50720972273538
CUST000396,1,48,Phone,1,74.0,Debit Card,Male,2.823408944068244,2,Grocery,3,Single,3,0,-7.822540586766294,1,6.0,28,152.3804563986629
CUST000397,1,28,Tablet,1,8.0,COD,Male,2.6753414897182766,3,Electronics,2,Divorced,1,0,5.285124128306823,9,10.0,23,90.90423283347488
CUST000398,0,62,Phone,2,24.0,COD,Female,7.035605256431407,4,Mobile,1,Divorced,5,0,24.61115095766167,2,5.0,14,42.95519410141024
CUST000399,1,21,Phone,1,51.0,COD,Male,5.545272456566735,4,Electronics,2,Married,5,0,-15.051237427094367,9,11.0,1,357.05957046245794
CUST000400,1,25,Phone,2,95.0,UPI,Female,6.475110478935292,1,Grocery,5,Divorced,2,0,5.30781314340696,8,1.0,13,98.11714084392781
CUST000401,0,27,Phone,1,19.0,UPI,Female,2.3785092409437425,3,Fashion,4,Divorced,2,0,17.435962639683474,2,10.0,15,345.0376770943989
CUST000402,1,48,Tablet,1,74.0,COD,Male,5.186555747052492,2,Others,5,Married,1,0,49.735714513124705,1,1.0,7,195.18822302347695
CUST000403,0,70,Tablet,1,51.5,Credit Card,Male,4.3019032847137595,1,Electronics,4,Single,5,0,13.217349383570848,8,19.0,15,207.88740049482573
CUST000404,1,48,Phone,2,82.0,Wallet,Female,6.746227825912033,3,Grocery,4,Married,2,0,37.12397299800265,9,2.0,20,234.58874804638586
CUST000405,0,19,Tablet,2,79.0,Credit Card,Female,7.295652953609454,3,Grocery,5,Married,3,0,10.244709954663243,8,4.0,10,183.8542540637716
CUST000406,1,62,Phone,2,13.0,UPI,Male,0.591175786080401,3,Fashion,5,Single,3,1,35.74735058337962,3,12.0,14,50.30998861129504
CUST000407,0,60,Phone,2,94.0,Debit Card,Male,5.555149392940945,2,Mobile,2,Divorced,5,0,21.67903611340759,8,18.0,6,154.8159050014229
CUST000408,0,48,Phone,2,20.0,COD,Male,0.8887684933979676,2,Electronics,5,Single,2,0,42.06168090516788,2,1.0,14,331.86718034696923
CUST000409,1,70,Phone,1,73.0,UPI,Male,4.616439988080169,4,Grocery,2,Divorced,1,0,8.765978664507692,6,1.0,24,332.8922007344355
CUST000410,0,0,Tablet,1,65.0,UPI,Female,2.6572454678275865,4,Fashion,2,Divorced,1,0,22.301309387503522,6,14.0,25,143.11215361999717
CUST000411,0,12,Phone,3,14.0,Wallet,Female,2.800824496416059,3,Others,2,Single,1,0,24.101307643317917,7,4.0,22,230.051313278844
CUST000412,1,50,Tablet,2,54.0,COD,Female,4.3019032847137595,3,Grocery,4,Married,3,0,9.216805926033132,9,5.0,12,96.72361400596874
CUST000413,1,55,Phone,1,7.0,Wallet,Female,5.159693367872076,2,Fashion,4,Single,2,0,-9.898156941876294,3,11.0,11,105.18604076491789
CUST000414,0,61,Phone,3,81.0,COD,Male,3.005374742515769,4,Mobile,5,Divorced,2,0,-13.450841516136512,2,13.0,29,11.523544203303704
CUST000415,0,31,Computer,3,98.0,Wallet,Male,5.995242879427103,3,Mobile,4,Single,3,0,-18.83299145802568,2,16.0,25,448.3732749538723
CUST000416,0,29,Phone,1,74.0,Credit Card,Female,3.5339553918040227,4,Grocery,5,Single,1,1,41.14739849716502,4,13.0,20,105.3533325374531
CUST000417,0,28,Computer,2,85.0,Debit Card,Female,4.3019032847137595,4,Grocery,4,Divorced,1,0,-3.446756143291381,0,2.0,22,113.76693846823166
CUST000418,0,48,Tablet,2,55.0,Debit Card,Female,6.378198818630804,3,Electronics,1,Married,5,0,-5.194527550276236,9,16.0,24,246.50720972273538
CUST000419,0,44,Tablet,2,23.0,COD,Female,2.643187434445295,2,Fashion,1,Single,4,0,31.522478029824583,2,6.0,25,63.7040358477145
CUST000420,1,29,Phone,2,46.0,COD,Female,3.7457515969944697,3,Grocery,5,Divorced,2,0,2.4011279161174244,5,14.0,19,319.6314415906814
CUST000421,1,15,Tablet,1,39.0,UPI,Female,5.640829124164261,3,Electronics,4,Divorced,2,0,15.423128468828558,2,1.0,2,37.57147658879328
CUST000422,1,39,Computer,2,50.0,UPI,Female,2.99342117861534,4,Electronics,4,Single,2,0,-8.62422542917806,4,17.0,22,67.10121316317513
CUST000423,0,18,Phone,2,30.0,COD,Female,0.9243924211003671,3,Grocery,2,Married,4,1,47.18220050233785,8,11.0,20,322.3783632950464
CUST000424,0,17,Phone,3,73.0,Wallet,Female,3.304407852596102,2,Mobile,3,Single,5,0,39.610698001206615,1,19.0,1,169.83031024072136
CUST000425,0,0,Phone,2,97.0,COD,Male,7.583364370207276,3,Fashion,5,Married,4,0,40.46527360755023,1,3.0,8,246.50720972273538
CUST000426,0,46,Phone,1,68.0,Credit Card,Female,5.3130079797391865,2,Fashion,3,Married,1,0,8.474162400040363,5,11.0,25,278.712372335071
CUST000427,0,65,Tablet,2,41.0,Wallet,Male,5.536093615004052,2,Mobile,3,Married,1,0,33.3652849595021,5,5.0,14,128.01058653075654
CUST000428,1,37,Computer,1,88.0,Wallet,Male,5.242116152282299,4,Grocery,5,Married,2,0,-9.92866912271539,7,17.0,9,325.413975244664
CUST000429,0,50,Tablet,2,53.0,COD,Female,1.992441042195776,1,Fashion,4,Single,3,1,-19.39666981857538,1,7.0,2,58.13684014644033
CUST000430,0,62,Tablet,2,25.0,COD,Female,3.637503980767101,1,Grocery,5,Divorced,2,0,-18.60189471953803,8,10.0,25,268.2051915400152
CUST000431,0,3,Tablet,1,51.5,UPI,Male,6.132048487724887,4,Grocery,3,Divorced,3,0,21.06212161831923,1,11.0,23,218.57405252251732
CUST000432,1,0,Phone,2,68.0,COD,Male,1.2602967316486935,3,Electronics,4,Divorced,4,0,11.877643367355855,0,10.0,5,133.93679140872038
CUST000433,0,7,Computer,1,51.5,COD,Female,2.5838958206728417,4,Mobile,1,Divorced,1,0,16.261074423596384,9,10.0,23,302.00249886975007
CUST000434,0,28,Computer,1,74.0,COD,Male,2.572393313493902,2,Grocery,5,Divorced,3,0,-19.477580170794642,1,10.0,29,435.66679617014125
CUST000435,0,54,Tablet,2,94.0,UPI,Female,3.740141956958795,1,Others,5,Divorced,4,0,9.5880633760198,6,14.0,25,499.45234988153834
CUST000436,1,2,Phone,2,8.0,Credit Card,Female,7.852765557066388,4,Mobile,4,Single,1,0,30.26477128406026,7,12.0,8,303.8813843717123
CUST000437,0,31,Phone,3,43.0,Credit Card,Female,1.0062691001286646,3,Fashion,1,Married,3,1,10.988559137720511,4,15.0,16,202.3529371645851
CUST000438,1,9,Computer,2,39.0,COD,Male,4.390257457854463,4,Electronics,1,Divorced,2,0,31.255344441855556,5,10.0,22,112.6035501081008
CUST000439,1,33,Phone,1,51.5,UPI,Male,1.8452351150915784,1,Fashion,4,Single,2,0,-3.6886724922215635,0,10.0,16,128.54804469755587
CUST000440,0,54,Phone,2,28.0,Credit Card,Female,7.7800740905730805,4,Fashion,2,Divorced,2,0,36.91994031372078,5,19.0,13,239.72748907488284
CUST000441,0,31,Phone,1,61.0,Wallet,Male,1.3497762854559814,4,Mobile,5,Divorced,4,0,21.190186831741663,7,1.0,20,246.50720972273538
CUST000442,1,49,Phone,3,74.0,Credit Card,Male,3.5270075177119344,1,Fashion,5,Married,2,0,-5.2465830399065645,2,10.0,29,456.9072613124721
CUST000443,0,6,Tablet,2,45.0,Credit Card,Male,6.034137386259546,2,Grocery,3,Married,5,0,-3.4295666902316952,0,10.0,15,184.14773382785478
CUST000444,0,7,Computer,3,58.0,UPI,Male,5.78415821020584,2,Fashion,4,Married,1,0,23.962132519867595,3,17.0,1,186.72229557271774
CUST000445,1,64,Computer,1,51.5,Wallet,Male,3.670464776704492,1,Electronics,3,Divorced,4,0,38.09577152487103,0,7.0,22,191.76725621698847
CUST000446,1,56,Phone,2,64.0,UPI,Male,3.098931259645387,4,Electronics,3,Divorced,2,0,9.093944742040861,7,7.0,3,418.310105183829
CUST000447,1,66,Tablet,2,51.5,COD,Male,3.4820928391465293,1,Others,1,Divorced,1,0,-1.9189699610685444,4,9.0,6,325.39416042345096
CUST000448,1,58,Computer,3,61.0,Debit Card,Female,2.4820719736897945,2,Electronics,5,Married,3,0,40.69081248374203,0,2.0,22,307.0844251594463
CUST000449,0,71,Phone,1,35.0,Credit Card,Male,4.3019032847137595,3,Fashion,3,Single,2,0,26.84878042255844,7,10.0,14,167.07151119193108
CUST000450,0,53,Computer,1,88.0,Debit Card,Male,4.122797731691675,4,Electronics,1,Divorced,1,0,11.365984109815354,8,17.0,4,408.95208841621974
CUST000451,1,66,Phone,3,28.0,UPI,Male,2.514003170507055,2,Mobile,4,Divorced,5,0,14.153013669551129,9,1.0,18,19.181930677850566
CUST000452,0,50,Phone,2,93.0,UPI,Male,2.6559624867293756,4,Electronics,3,Divorced,3,0,-5.7020472444522525,1,9.0,15,435.39858616905656
CUST000453,0,7,Phone,2,40.0,UPI,Male,5.425670476059178,1,Grocery,5,Single,5,0,23.876184104539078,8,10.0,9,256.3749498969648
CUST000454,1,33,Computer,1,89.0,Debit Card,Male,7.764029987749192,3,Mobile,3,Divorced,1,0,5.111975738002204,7,4.0,18,199.1251174317064
CUST000455,0,34,Computer,3,34.0,UPI,Male,5.0272790041953135,1,Others,4,Single,5,0,49.695162367204446,6,8.0,3,248.58364035884284
CUST000456,0,31,Computer,1,28.0,COD,Male,1.077346002987247,3,Grocery,3,Divorced,1,0,13.612846068332146,2,13.0,10,333.70776526691554
CUST000457,0,45,Phone,2,34.0,UPI,Female,1.0668771039055023,4,Fashion,5,Single,1,0,14.011992433272923,1,4.0,17,6.38271325894868
CUST000458,0,15,Phone,3,90.0,COD,Male,7.635674156341745,4,Fashion,1,Divorced,5,0,19.609625118747033,6,9.0,7,435.77592822912385
CUST000459,0,67,Tablet,1,96.0,Debit Card,Male,2.7296809273050022,1,Fashion,5,Married,1,1,44.17292021831227,4,9.0,15,223.3697626556964
CUST000460,0,36,Computer,2,11.0,COD,Male,4.3019032847137595,3,Grocery,1,Married,2,0,36.05726699018252,5,18.0,1,171.4832598500391
CUST000461,0,53,Phone,1,39.0,UPI,Male,4.992834403627862,3,Grocery,2,Married,1,0,11.5791048858489,3,12.0,27,69.12278281702855
CUST000462,0,13,Phone,1,59.0,COD,Female,5.177365837176996,4,Grocery,5,Married,4,0,30.30894861809572,1,10.0,25,219.73268717922107
CUST000463,1,54,Computer,3,96.0,Credit Card,Female,5.363786150890161,1,Mobile,5,Divorced,1,0,21.036484914653315,8,11.0,27,248.16138564218943
CUST000464,0,47,Computer,3,18.0,Wallet,Female,2.50551520893156,3,Mobile,4,Married,4,0,14.465693409087422,2,10.0,11,201.8233472467389
CUST000465,1,6,Phone,2,14.0,Wallet,Female,0.6133301316085628,4,Fashion,3,Single,1,0,-6.537895905095464,6,9.0,17,339.33004691344854
CUST000466,0,6,Tablet,2,84.0,UPI,Female,7.737615270908539,2,Electronics,1,Married,1,0,12.475538441842367,7,6.0,5,246.50720972273538
CUST000467,0,32,Phone,1,20.0,COD,Female,2.381697842683269,1,Fashion,1,Married,5,0,-2.7926989084197764,1,19.0,7,480.70878892328665
CUST000468,1,22,Phone,1,58.0,Debit Card,Female,5.570197160394106,2,Others,4,Married,2,0,44.03895048961583,5,16.0,19,299.63875891179595
CUST000469,0,18,Phone,1,99.0,COD,Female,5.799724024090322,1,Mobile,4,Divorced,2,0,3.478476944744287,7,15.0,25,403.7389678259545
CUST000470,1,18,Phone,1,93.0,COD,Female,5.075055628096143,4,Grocery,3,Married,3,0,46.65848101733606,6,7.0,24,54.67795155473942
CUST000471,0,35,Tablet,1,81.0,COD,Female,2.8468054566023615,3,Mobile,3,Single,5,0,17.31387030662978,2,16.0,29,246.50720972273538
CUST000472,1,28,Computer,2,74.0,Debit Card,Female,2.5332219032304932,3,Grocery,5,Married,5,0,24.208106507331223,0,5.0,15,168.42385072357635
CUST000473,0,59,Phone,1,48.0,Wallet,Female,4.982512120270274,3,Others,2,Married,2,1,18.005831114252942,5,16.0,3,284.7411940682959
CUST000474,1,1,Tablet,1,77.0,COD,Female,6.995717252087687,1,Others,3,Married,5,1,-10.943356812330938,7,1.0,15,430.5567600307128
CUST000475,0,0,Phone,2,49.0,Debit Card,Female,7.6005029669254665,4,Mobile,4,Single,2,0,6.307485330555867,5,19.0,5,39.16910888100333
CUST000476,1,46,Phone,3,60.0,COD,Female,1.2942935330281822,2,Grocery,3,Married,5,0,-13.059772140566324,4,5.0,23,36.287399022355395
CUST000477,0,68,Computer,1,88.0,UPI,Female,1.6612145944828989,4,Others,1,Single,1,0,23.60678309283672,7,7.0,12,425.15885407879944
CUST000478,0,19,Phone,3,86.0,Credit Card,Male,7.585521940873098,2,Fashion,2,Single,2,1,11.281193664030724,1,19.0,20,106.42504301917872
CUST000479,1,10,Phone,3,61.0,Debit Card,Female,6.024014212510944,1,Fashion,5,Married,2,0,34.458948009965574,0,5.0,5,334.3766272249068
CUST000480,0,1,Phone,1,25.0,Debit Card,Male,7.122453686223298,1,Grocery,1,Single,4,0,-4.567066330044112,0,17.0,3,271.43906618040256
CUST000481,0,66,Tablet,3,72.0,COD,Female,2.019744756015074,2,Mobile,1,Divorced,5,0,-8.480375909946556,3,8.0,9,416.44679744361474
CUST000482,0,11,Computer,2,54.0,COD,Female,4.906894033320514,2,Others,2,Married,5,0,8.443256167463748,5,1.0,26,62.544454918201765
CUST000483,0,19,Phone,2,37.0,Debit Card,Male,5.758546958131053,2,Mobile,5,Married,2,0,44.860976825286684,8,2.0,9,64.89148286130563
CUST000484,0,4,Tablet,2,95.0,COD,Female,5.600839140852295,4,Fashion,4,Single,1,0,29.729527050868825,0,15.0,7,278.40918013915376
CUST000485,0,36,Tablet,2,11.0,Credit Card,Male,3.561137681500236,2,Others,5,Single,1,0,9.324653735504306,0,18.0,26,473.18932667918546
CUST000486,1,37,Tablet,2,74.0,COD,Male,4.3019032847137595,1,Mobile,3,Married,1,0,16.209051882801738,4,11.0,2,207.49887918537712
CUST000487,0,8,Phone,2,19.0,COD,Male,4.8719454260319734,1,Electronics,1,Divorced,5,0,-14.105089217603116,9,10.0,23,163.47105012734747
CUST000488,0,52,Computer,2,86.0,UPI,Female,2.398261543847066,3,Grocery,3,Single,4,0,48.92031274632792,4,4.0,23,303.34466159894293
CUST000489,1,43,Tablet,2,51.5,COD,Female,3.8769068460716776,2,Grocery,4,Single,2,0,26.648511328644325,4,5.0,27,465.22430027251556
CUST000490,1,23,Phone,2,79.0,COD,Female,7.68185761312863,4,Electronics,3,Divorced,3,0,-0.02171520756042611,9,4.0,21,418.46391642231185
CUST000491,0,29,Computer,2,24.0,COD,Male,3.4927648823182604,4,Fashion,5,Divorced,4,0,21.006587595067103,5,13.0,16,497.7418053666099
CUST000492,0,58,Phone,1,92.0,Credit Card,Male,6.7985120499832,4,Others,3,Married,3,0,-12.336234375170422,7,13.0,9,246.50720972273538
CUST000493,0,13,Computer,1,19.0,Credit Card,Female,1.9140545431193834,3,Grocery,4,Divorced,4,0,47.60856681653085,2,10.0,13,56.42907235638111
CUST000494,0,8,Phone,3,52.0,UPI,Female,5.5434537351877164,1,Electronics,4,Married,1,1,-7.765050848164384,8,2.0,28,304.733881683311
CUST000495,0,39,Phone,1,75.0,COD,Female,7.827552158292076,4,Electronics,4,Divorced,5,0,25.36212226386499,0,10.0,27,410.2882196669249
CUST000496,0,65,Tablet,1,25.0,Wallet,Female,1.264198256547026,1,Fashion,5,Single,3,0,-2.81818762227487,3,1.0,19,142.62217115338328
CUST000497,0,24,Phone,1,46.0,COD,Female,0.5623995667039401,3,Fashion,4,Married,4,0,30.2292967853975,8,19.0,20,119.60554401710938
CUST000498,0,72,Computer,1,30.0,Credit Card,Male,3.7518709447446077,2,Mobile,1,Married,5,1,34.37749570681967,7,10.0,17,393.48789969060044
CUST000499,1,21,Tablet,3,18.0,Wallet,Male,1.194691122885254,2,Grocery,4,Married,3,0,27.139381023800283,9,3.0,6,28.190926926615788
CUST000500,1,3,Tablet,2,61.0,COD,Male,6.112882622571735,2,Mobile,3,Divorced,2,0,23.014962217863477,8,7.0,4,184.69132379129255
